"site";"decor";"id";"type";"technlg";"incmplt";"geometry"
"EAMENA-0182033";"crvn";1;"caravanserail";"-";0;"POLYGON ((59.97481 29.88018, 59.9752 29.88073, 59.9761 29.88025, 59.9756 29.87959, 59.97479 29.88009, 59.97481 29.88018))"
"EAMENA-0164904";"crvn";1;"caravanserail";"-";0;"POLYGON ((52.16268 34.74634, 52.16328 34.74622, 52.16307 34.74558, 52.16247 34.74575, 52.16268 34.74634))"
"EAMENA-0164906";"crvn";1;"caravanserail";"-";0;"POLYGON ((52.17928 34.75959, 52.17978 34.75943, 52.17959 34.75884, 52.17903 34.75905, 52.17928 34.75959))"
"EAMENA-0164905";"crvn";1;"caravanserail";"-";0;"POLYGON ((52.17654 34.76554, 52.17735 34.76569, 52.17757 34.76502, 52.17673 34.76487, 52.17654 34.76554))"
"EAMENA-0192281";"crvn";1;"caravanserail";"-";0;"POLYGON ((61.4023 30.77373, 61.4019 30.77371, 61.40194 30.77344, 61.40235 30.77345, 61.4023 30.77373))"
"EAMENA-0182054";"crvn";1;"caravanserail";"-";0;"POLYGON ((51.47564 33.09129, 51.47509 33.09166, 51.47466 33.09122, 51.47518 33.09126, 51.47564 33.09129))"
"EAMENA-0182056";"crvn";1;"caravanserail";"-";0;"POLYGON ((51.08336 35.4725, 51.08374 35.47208, 51.08422 35.47236, 51.08387 35.47277, 51.08336 35.4725))"
"EAMENA-0182058";"crvn";1;"caravanserail";"-";0;"POLYGON ((52.7309 35.25559, 52.73066 35.25505, 52.73129 35.25485, 52.73154 35.25539, 52.7309 35.25559))"
"EAMENA-0164899";"crvn";1;"caravanserail";"-";0;"POLYGON ((45.57927 34.51348, 45.57913 34.51289, 45.57983 34.51278, 45.58 34.51337, 45.57927 34.51348))"
"EAMENA-0164943";"crvn";1;"caravanserail";"-";0;"POLYGON ((51.81203 34.29898, 51.81259 34.29879, 51.81283 34.29925, 51.81226 34.29945, 51.81203 34.29898))"
"EAMENA-0164999";"crvn";1;"caravanserail";"-";0;"POLYGON ((47.43454 34.38407, 47.43536 34.38407, 47.43536 34.38482, 47.43453 34.38481, 47.43454 34.38407))"
"EAMENA-0207124";"crvn";1;"caravanserail";"-";0;"POLYGON ((60.94736 30.26107, 60.94741 30.26081, 60.94792 30.26089, 60.94787 30.26114, 60.94736 30.26107))"
"EAMENA-0207205";"crvn";1;"caravanserail";"-";0;"POLYGON ((54.76144 36.28172, 54.76178 36.28121, 54.7623 36.28145, 54.76197 36.28195, 54.76144 36.28172))"
"EAMENA-0207206";"crvn";1;"caravanserail";"-";0;"POLYGON ((53.08309 35.39992, 53.08372 35.3998, 53.08388 35.40035, 53.08325 35.40047, 53.08309 35.39992))"
"EAMENA-0207208";"crvn";1;"caravanserail";"-";0;"POLYGON ((54.34304 36.16841, 54.34341 36.16798, 54.34384 36.16822, 54.34348 36.16865, 54.34304 36.16841))"
"EAMENA-0207207";"crvn";1;"caravanserail";"-";0;"POLYGON ((54.04457 35.96089, 54.04497 35.96058, 54.04532 35.9609, 54.04494 35.96121, 54.04457 35.96089))"
"EAMENA-0207204";"crvn";1;"caravanserail";"-";0;"POLYGON ((55.65334 36.4096, 55.6529 36.40909, 55.65346 36.40877, 55.65389 36.40928, 55.65334 36.4096))"
"EAMENA-0207203";"crvn";1;"caravanserail";"-";0;"POLYGON ((56.95511 30.53204, 56.95533 30.53176, 56.95563 30.53195, 56.95542 30.53222, 56.95511 30.53204))"
"EAMENA-0207210";"crvn";1;"caravanserail";"-";0;"POLYGON ((54.00888 32.22801, 54.0094 32.22759, 54.00977 32.22793, 54.00926 32.22835, 54.00888 32.22801))"
"EAMENA-0207215";"crvn";1;"caravanserail";"-";0;"POLYGON ((55.55869 33.01664, 55.55908 33.01635, 55.55949 33.01674, 55.55911 33.01703, 55.55869 33.01664))"
"EAMENA-0207214";"crvn";1;"caravanserail";"-";0;"POLYGON ((54.70675 31.41189, 54.70666 31.41169, 54.70693 31.41151, 54.70714 31.41157, 54.7072 31.41183, 54.707 31.41198, 54.70675 31.41189))"
"EAMENA-0207216";"crvn";1;"caravanserail";"-";0;"POLYGON ((56.57797 30.24733, 56.57823 30.24702, 56.57853 30.24721, 56.57826 30.24754, 56.57797 30.24733))"
"EAMENA-0207217";"crvn";1;"caravanserail";"-";0;"POLYGON ((56.06048 36.42862, 56.0607 36.42895, 56.05962 36.42957, 56.05937 36.42969, 56.05859 36.42877, 56.05993 36.42797, 56.06079 36.42755, 56.06128 36.42821, 56.06048 36.42862))"
"EAMENA-0207212";"crvn";1;"caravanserail";"-";0;"POLYGON ((53.73182 35.77093, 53.73214 35.77032, 53.73289 35.77054, 53.73257 35.77118, 53.73182 35.77093))"
"EAMENA-0207211";"crvn";1;"caravanserail";"-";0;"POLYGON ((53.72953 35.77056, 53.73001 35.77004, 53.73067 35.77046, 53.73016 35.77094, 53.72953 35.77056))"
"EAMENA-0207218";"crvn";1;"caravanserail";"-";0;"POLYGON ((57.07745 30.29074, 57.0778 30.29011, 57.07892 30.29047, 57.07855 30.29109, 57.07745 30.29074))"
"EAMENA-0207209";"crvn";1;"caravanserail";"-";0;"POLYGON ((55.05029 36.42485, 55.05035 36.42437, 55.05102 36.42443, 55.05094 36.42491, 55.05029 36.42485))"
"EAMENA-0207219";"crvn";1;"caravanserail";"-";0;"POLYGON ((54.66761 32.34499, 54.66799 32.34467, 54.66839 32.345, 54.66801 32.34535, 54.66761 32.34499))"
"EAMENA-0207224";"crvn";1;"caravanserail";"-";0;"POLYGON ((54.53165 31.60667, 54.53201 31.60638, 54.53249 31.60686, 54.53213 31.60713, 54.53165 31.60667))"
"EAMENA-0207261";"crvn";1;"caravanserail";"-";0;"POLYGON ((55.04332 32.49407, 55.04333 32.49395, 55.04345 32.49384, 55.04357 32.49381, 55.04382 32.49401, 55.04343 32.49416, 55.04332 32.49407))"
"EAMENA-0207259";"crvn";1;"caravanserail";"-";0;"POLYGON ((55.76989 36.41064, 55.77037 36.4104, 55.77079 36.41076, 55.77027 36.41104, 55.76989 36.41064))"
"EAMENA-0207262";"crvn";1;"caravanserail";"-";0;"POLYGON ((54.09107 33.44704, 54.0914 33.44687, 54.09156 33.44712, 54.09124 33.44726, 54.09107 33.44704))"
"EAMENA-0207263";"crvn";1;"caravanserail";"-";0;"POLYGON ((53.14367 32.8675, 53.14422 32.86725, 53.14454 32.86767, 53.14403 32.86789, 53.14367 32.8675))"
"EAMENA-0207260";"crvn";1;"caravanserail";"-";0;"POLYGON ((54.43367 33.52198, 54.43354 33.52159, 54.4339 33.5215, 54.43404 33.5219, 54.43367 33.52198))"
"EAMENA-0207222";"crvn";1;"caravanserail";"-";0;"POLYGON ((55.24151 32.52774, 55.24197 32.52751, 55.2423 32.52794, 55.24183 32.5282, 55.24151 32.52774))"
"EAMENA-0207232";"crvn";1;"caravanserail";"-";0;"POLYGON ((55.02623 31.0681, 55.02645 31.06778, 55.02675 31.06796, 55.0265 31.06826, 55.02623 31.0681))"
"EAMENA-0182055";"crvn";1;"caravanserail";"-";0;"POLYGON ((53.63053 32.44068, 53.63107 32.44033, 53.63142 32.44076, 53.63094 32.44109, 53.63053 32.44068))"
"EAMENA-0207233";"crvn";1;"caravanserail";"-";0;"POLYGON ((54.3619 31.89718, 54.3617 31.89728, 54.36152 31.89707, 54.36171 31.89696, 54.3619 31.89718))"
"EAMENA-0207236";"crvn";1;"caravanserail";"-";0;"POLYGON ((56.3612 30.29296, 56.36154 30.29278, 56.36178 30.29307, 56.36144 30.29326, 56.3612 30.29296))"
"EAMENA-0207239";"crvn";1;"caravanserail";"-";0;"POLYGON ((53.70042 33.31205, 53.70008 33.31193, 53.70022 33.31156, 53.70059 33.31167, 53.70042 33.31205))"
"EAMENA-0207240";"crvn";1;"caravanserail";"-";0;"POLYGON ((56.81476 30.18756, 56.81499 30.18735, 56.81532 30.18761, 56.81506 30.18785, 56.81476 30.18756))"
"EAMENA-0207234";"crvn";1;"caravanserail";"-";0;"POLYGON ((56.9934 30.89608, 56.99361 30.89585, 56.99392 30.89605, 56.99371 30.89626, 56.9934 30.89608))"
"EAMENA-0207235";"crvn";1;"caravanserail";"-";0;"POLYGON ((55.98661 30.40834, 55.98685 30.40796, 55.98723 30.4081, 55.98697 30.40851, 55.98661 30.40834))"
"EAMENA-0207243";"crvn";1;"caravanserail";"-";0;"POLYGON ((57.15455 30.67664, 57.15486 30.67644, 57.15501 30.6766, 57.15469 30.6768, 57.15455 30.67664))"
"EAMENA-0207245";"crvn";1;"caravanserail";"-";0;"POLYGON ((54.52829 36.64484, 54.52846 36.64476, 54.52855 36.64491, 54.52838 36.64499, 54.52829 36.64484))"
"EAMENA-0207241";"crvn";1;"caravanserail";"-";0;"POLYGON ((56.90087 31.06833, 56.90105 31.0681, 56.90136 31.06827, 56.90117 31.06851, 56.90087 31.06833))"
"EAMENA-0207244";"crvn";1;"caravanserail";"-";0;"POLYGON ((53.38942 35.57376, 53.38993 35.57353, 53.39025 35.57401, 53.38977 35.57427, 53.38942 35.57376))"
"EAMENA-0207238";"crvn";1;"caravanserail";"-";0;"POLYGON ((55.4474 30.70156, 55.44696 30.70129, 55.44723 30.70097, 55.44768 30.70118, 55.4474 30.70156))"
"EAMENA-0207231";"crvn";1;"caravanserail";"-";0;"POLYGON ((55.02605 31.06803, 55.02632 31.06772, 55.02661 31.0679, 55.02636 31.06821, 55.02605 31.06803))"
"EAMENA-0207250";"crvn";1;"caravanserail";"-";0;"POLYGON ((55.3723 32.70948, 55.37271 32.70928, 55.37303 32.70973, 55.37262 32.70993, 55.3723 32.70948))"
"EAMENA-0207249";"crvn";1;"caravanserail";"-";0;"POLYGON ((54.57842 36.69985, 54.57849 36.69983, 54.57852 36.6999, 54.57847 36.69992, 54.57842 36.69985))"
"EAMENA-0207251";"crvn";1;"caravanserail";"-";0;"POLYGON ((54.48397 32.16236, 54.48392 32.16232, 54.4839 32.16226, 54.48389 32.1622, 54.48391 32.16214, 54.48397 32.16211, 54.48405 32.1621, 54.48412 32.16212, 54.48415 32.16213, 54.4842 32.16218, 54.48421 32.16225, 54.48414 32.16233, 54.48403 32.16235, 54.48397 32.16236))"
"EAMENA-0207213";"crvn";1;"caravanserail";"-";0;"POLYGON ((56.38722 36.3608, 56.38797 36.36054, 56.38845 36.36149, 56.38771 36.36174, 56.38722 36.3608))"
"EAMENA-0207237";"crvn";1;"caravanserail";"-";0;"POLYGON ((55.27169 30.87932, 55.27208 30.87914, 55.27231 30.87951, 55.27195 30.8797, 55.27169 30.87932))"
"EAMENA-0207246";"crvn";1;"caravanserail";"-";0;"POLYGON ((53.32326 32.68233, 53.32361 32.68206, 53.32395 32.68234, 53.32358 32.68266, 53.32326 32.68233))"
"EAMENA-0207242";"crvn";1;"caravanserail";"-";0;"POLYGON ((57.03659 30.73859, 57.03682 30.73836, 57.03707 30.73853, 57.03685 30.73876, 57.03659 30.73859))"
"EAMENA-0207247";"crvn";1;"caravanserail";"-";0;"POLYGON ((54.89758 31.27365, 54.89789 31.27332, 54.89821 31.27353, 54.89791 31.27386, 54.89758 31.27365))"
"EAMENA-0207255";"crvn";1;"caravanserail";"-";0;"POLYGON ((54.2722 31.95102, 54.2725 31.95085, 54.27284 31.95125, 54.27257 31.95144, 54.2722 31.95102))"
"EAMENA-0207257";"crvn";1;"caravanserail";"-";0;"POLYGON ((56.25756 36.36652, 56.25778 36.36616, 56.25822 36.36633, 56.25798 36.36671, 56.25756 36.36652))"
"EAMENA-0207248";"crvn";1;"caravanserail";"-";0;"POLYGON ((55.66312 30.54682, 55.66351 30.54636, 55.66405 30.54668, 55.66369 30.54713, 55.66312 30.54682))"
"EAMENA-0207253";"crvn";1;"caravanserail";"-";0;"POLYGON ((56.12955 30.34714, 56.12987 30.34685, 56.13022 30.34719, 56.12987 30.34744, 56.12955 30.34714))"
"EAMENA-0207252";"crvn";1;"caravanserail";"-";0;"POLYGON ((54.47663 32.15318, 54.4771 32.15283, 54.47757 32.15329, 54.47707 32.15363, 54.47663 32.15318))"
"EAMENA-0207258";"crvn";1;"caravanserail";"-";0;"POLYGON ((54.14339 36.02793, 54.14348 36.02731, 54.14418 36.02734, 54.1441 36.02799, 54.14339 36.02793))"
"EAMENA-0207480";"crvn";1;"caravanserail";"-";0;"POLYGON ((55.36034 36.42877, 55.36067 36.42862, 55.36083 36.4289, 55.36051 36.42902, 55.36034 36.42877))"
"EAMENA-0207481";"crvn";1;"caravanserail";"-";0;"POLYGON ((53.80398 32.32865, 53.8042 32.32896, 53.80379 32.32916, 53.80357 32.32885, 53.80398 32.32865))"
"EAMENA-0207485";"crvn";1;"caravanserail";"-";0;"POLYGON ((54.01779 32.31873, 54.0178 32.31875, 54.0178 32.31878, 54.01781 32.31884, 54.01782 32.31893, 54.01785 32.3191, 54.01785 32.31931, 54.01757 32.31939, 54.01746 32.31931, 54.01739 32.31876, 54.01779 32.31872, 54.01779 32.31873))"
"EAMENA-0207482";"crvn";1;"caravanserail";"-";0;"POLYGON ((53.50051 32.54269, 53.50095 32.54239, 53.50123 32.54271, 53.50079 32.54301, 53.50051 32.54269))"
"EAMENA-0207483";"crvn";1;"caravanserail";"-";0;"POLYGON ((54.11891 32.10551, 54.11933 32.10509, 54.1195 32.10523, 54.11912 32.10566, 54.11891 32.10551))"
"EAMENA-0207486";"crvn";1;"caravanserail";"-";0;"POLYGON ((59.72302 29.47857, 59.72333 29.47826, 59.72371 29.47855, 59.72342 29.47886, 59.72302 29.47857))"
"EAMENA-0207484";"crvn";1;"caravanserail";"-";0;"POLYGON ((60.87317 29.49691, 60.87269 29.49705, 60.87251 29.49654, 60.873 29.49641, 60.87317 29.49691))"
"EAMENA-0207493";"crvn";1;"caravanserail";"-";0;"POLYGON ((54.55095 36.22852, 54.55126 36.22801, 54.55179 36.22825, 54.55147 36.22872, 54.55095 36.22852))"
"EAMENA-0207499";"crvn";1;"caravanserail";"-";0;"POLYGON ((59.44418 29.287, 59.44411 29.28684, 59.44417 29.2867, 59.44436 29.28663, 59.44454 29.28668, 59.44461 29.28683, 59.44455 29.28701, 59.44436 29.28708, 59.44418 29.287))"
"EAMENA-0207500";"crvn";1;"caravanserail";"-";0;"POLYGON ((53.16839 32.831, 53.16851 32.83063, 53.16887 32.83071, 53.16875 32.83109, 53.16839 32.831))"
"EAMENA-0207503";"crvn";1;"caravanserail";"-";0;"POLYGON ((57.58977 29.5283, 57.59023 29.52775, 57.59082 29.52817, 57.59037 29.52871, 57.58977 29.5283))"
"EAMENA-0207504";"crvn";1;"caravanserail";"-";0;"POLYGON ((57.46114 29.90233, 57.46087 29.90234, 57.46087 29.90208, 57.46115 29.90207, 57.46114 29.90233))"
"EAMENA-0207502";"crvn";1;"caravanserail";"-";0;"POLYGON ((60.69983 30.15893, 60.69999 30.15864, 60.70032 30.15876, 60.70014 30.15906, 60.69983 30.15893))"
"EAMENA-0207497";"crvn";1;"caravanserail";"-";0;"POLYGON ((54.38013 36.15622, 54.37905 36.15602, 54.37932 36.15515, 54.38039 36.15539, 54.38013 36.15622))"
"EAMENA-0207498";"crvn";1;"caravanserail";"-";0;"POLYGON ((58.12479 29.18099, 58.12505 29.18079, 58.12532 29.18102, 58.12508 29.18123, 58.12479 29.18099))"
"EAMENA-0207501";"crvn";1;"caravanserail";"-";0;"POLYGON ((59.78833 29.65729, 59.78865 29.65711, 59.7888 29.65733, 59.78849 29.65754, 59.78833 29.65729))"
"EAMENA-0207505";"crvn";1;"caravanserail";"-";0;"POLYGON ((57.62929 29.69911, 57.62929 29.69882, 57.62966 29.69883, 57.62963 29.69912, 57.62929 29.69911))"
"EAMENA-0207490";"crvn";1;"caravanserail";"-";0;"POLYGON ((53.28927 35.41336, 53.29005 35.41302, 53.29053 35.41373, 53.28975 35.41409, 53.28927 35.41336))"
"EAMENA-0207491";"crvn";1;"caravanserail";"-";0;"POLYGON ((57.2908 30.06039, 57.29096 30.05988, 57.29149 30.06, 57.29131 30.06053, 57.2908 30.06039))"
"EAMENA-0207488";"crvn";1;"caravanserail";"-";0;"POLYGON ((54.53741 31.6061, 54.5376 31.60577, 54.53801 31.60592, 54.53783 31.60626, 54.53741 31.6061))"
"EAMENA-0207496";"crvn";1;"caravanserail";"-";0;"POLYGON ((54.18031 36.0706, 54.18035 36.07026, 54.18083 36.07022, 54.18085 36.07063, 54.18031 36.0706))"
"EAMENA-0207492";"crvn";1;"caravanserail";"-";0;"POLYGON ((55.99187 30.40749, 55.99139 30.40716, 55.9918 30.40671, 55.99243 30.40706, 55.99187 30.40749))"
"EAMENA-0207489";"crvn";1;"caravanserail";"-";0;"POLYGON ((56.82228 31.36291, 56.82249 31.36265, 56.82278 31.36281, 56.82258 31.36307, 56.82228 31.36291))"
"EAMENA-0207487";"crvn";1;"caravanserail";"-";0;"POLYGON ((54.88855 31.76093, 54.88861 31.76072, 54.88883 31.76077, 54.88878 31.76098, 54.88855 31.76093))"
"EAMENA-0207495";"crvn";1;"caravanserail";"-";0;"POLYGON ((54.1592 35.94544, 54.15848 35.94558, 54.15832 35.94498, 54.15891 35.94488, 54.15969 35.94475, 54.15983 35.94535, 54.1592 35.94544))"
"EAMENA-0207506";"crvn";1;"caravanserail";"-";0;"POLYGON ((60.70031 30.16012, 60.70055 30.15981, 60.70088 30.16005, 60.70058 30.16033, 60.70031 30.16012))"
"EAMENA-0192671";"crvn";1;"caravanserail";"-";0;"POLYGON ((59.03886 32.55001, 59.03888 32.54966, 59.03922 32.54968, 59.03921 32.55, 59.03886 32.55001))"
"EAMENA-0192672";"crvn";1;"caravanserail";"-";0;"POLYGON ((59.28804 32.40396, 59.28833 32.40384, 59.28847 32.40406, 59.28823 32.40419, 59.28804 32.40396))"
"EAMENA-0192673";"crvn";1;"caravanserail";"-";0;"POLYGON ((57.42559 33.86744, 57.42523 33.86735, 57.42535 33.86704, 57.4257 33.86713, 57.42559 33.86744))"
"EAMENA-0192674";"crvn";1;"caravanserail";"-";0;"POLYGON ((59.46049 36.03753, 59.46124 36.03744, 59.46137 36.03774, 59.46062 36.03783, 59.46049 36.03753))"
"EAMENA-0192652";"crvn";1;"caravanserail";"-";0;"POLYGON ((59.64683 36.10526, 59.64667 36.10531, 59.64662 36.10522, 59.64655 36.10525, 59.64652 36.10522, 59.64647 36.1052, 59.64644 36.1052, 59.64639 36.10512, 59.64672 36.105, 59.64683 36.10526))"
"EAMENA-0192653";"crvn";1;"caravanserail";"-";0;"POLYGON ((59.96646 36.07865, 59.96587 36.07861, 59.96589 36.07822, 59.96646 36.07829, 59.96646 36.07865))"
"EAMENA-0192654";"crvn";1;"caravanserail";"-";0;"POLYGON ((58.11539 34.02432, 58.11596 34.02404, 58.11633 34.02448, 58.11579 34.02477, 58.11539 34.02432))"
"EAMENA-0192678";"crvn";1;"caravanserail";"-";0;"POLYGON ((56.50379 31.52689, 56.5035 31.52682, 56.50358 31.52654, 56.50393 31.52662, 56.50379 31.52689))"
"EAMENA-0192679";"crvn";1;"caravanserail";"-";0;"POLYGON ((57.36275 32.18226, 57.36277 32.18218, 57.36273 32.18215, 57.36275 32.1821, 57.36291 32.18216, 57.36285 32.1823, 57.36275 32.18226))"
"EAMENA-0192680";"crvn";1;"caravanserail";"-";0;"POLYGON ((59.14913 32.98105, 59.14894 32.981, 59.14901 32.98078, 59.14922 32.98084, 59.14913 32.98105))"
"EAMENA-0192681";"crvn";1;"caravanserail";"-";0;"POLYGON ((59.57402 36.02837, 59.57465 36.02819, 59.57481 36.02864, 59.57419 36.02877, 59.57402 36.02837))"
"EAMENA-0192664";"crvn";1;"caravanserail";"-";0;"POLYGON ((56.942 33.45024, 56.94172 33.45026, 56.94169 33.45, 56.94205 33.44998, 56.942 33.45024))"
"EAMENA-0192666";"crvn";1;"caravanserail";"-";0;"POLYGON ((58.90069 35.60253, 58.90039 35.60275, 58.90004 35.60254, 58.90038 35.6023, 58.90069 35.60253))"
"EAMENA-0192667";"crvn";1;"caravanserail";"-";0;"POLYGON ((58.87758 35.58694, 58.87777 35.58679, 58.87795 35.58696, 58.87779 35.58711, 58.87758 35.58694))"
"EAMENA-0192655";"crvn";1;"caravanserail";"-";0;"POLYGON ((58.3037 35.84179, 58.30358 35.84173, 58.30365 35.84164, 58.30362 35.84159, 58.30371 35.84151, 58.30376 35.84153, 58.30386 35.84147, 58.3041 35.84164, 58.30382 35.84188, 58.3037 35.84179))"
"EAMENA-0192656";"crvn";1;"caravanserail";"-";0;"POLYGON ((59.80097 32.57116, 59.80062 32.57109, 59.80074 32.57078, 59.8011 32.57085, 59.80097 32.57116))"
"EAMENA-0192657";"crvn";1;"caravanserail";"-";0;"POLYGON ((59.55827 33.01925, 59.55856 33.01893, 59.55895 33.019, 59.55869 33.01942, 59.55827 33.01925))"
"EAMENA-0192658";"crvn";1;"caravanserail";"-";0;"POLYGON ((58.2382 34.16297, 58.23813 34.16306, 58.23787 34.16293, 58.23809 34.16266, 58.23835 34.16279, 58.2382 34.16297))"
"EAMENA-0192659";"crvn";1;"caravanserail";"-";0;"POLYGON ((58.34999 34.78936, 58.35024 34.78918, 58.35046 34.78937, 58.35023 34.78955, 58.34999 34.78936))"
"EAMENA-0192660";"crvn";1;"caravanserail";"-";0;"POLYGON ((60.49984 32.28664, 60.49979 32.2868, 60.49971 32.28677, 60.49964 32.28681, 60.49947 32.28673, 60.49959 32.28656, 60.49984 32.28664))"
"EAMENA-0192675";"crvn";1;"caravanserail";"-";0;"POLYGON ((59.01128 33.19071, 59.01142 33.19069, 59.01151 33.19077, 59.01172 33.19077, 59.01168 33.19093, 59.01128 33.19093, 59.01128 33.19071))"
"EAMENA-0192676";"crvn";1;"caravanserail";"-";0;"POLYGON ((59.22305 33.3037, 59.22283 33.30356, 59.22301 33.30333, 59.22332 33.30347, 59.22305 33.3037))"
"EAMENA-0192677";"crvn";1;"caravanserail";"-";0;"POLYGON ((59.10753 33.10571, 59.10784 33.10555, 59.10797 33.10579, 59.10763 33.10596, 59.10753 33.10571))"
"EAMENA-0192668";"crvn";1;"caravanserail";"-";0;"POLYGON ((60.81488 34.90737, 60.8155 34.90716, 60.81589 34.90781, 60.81527 34.90801, 60.81488 34.90737))"
"EAMENA-0192669";"crvn";1;"caravanserail";"-";0;"POLYGON ((60.08966 31.55779, 60.08955 31.55786, 60.08943 31.5578, 60.08947 31.55776, 60.08954 31.55771, 60.08955 31.55768, 60.08958 31.55763, 60.08955 31.55756, 60.08951 31.5575, 60.08948 31.5574, 60.08947 31.55739, 60.08946 31.55737, 60.0895 31.55731, 60.08957 31.55726, 60.08966 31.55722, 60.08975 31.55721, 60.08982 31.55723, 60.08986 31.55726, 60.08992 31.5573, 60.08996 31.55736, 60.08999 31.55745, 60.08991 31.55756, 60.08982 31.55765, 60.08977 31.55769, 60.08973 31.55771, 60.08967 31.55775, 60.08966 31.55779))"
"EAMENA-0192670";"crvn";1;"caravanserail";"-";0;"POLYGON ((59.30594 33.78409, 59.30597 33.7839, 59.30626 33.78394, 59.30622 33.78412, 59.30594 33.78409))"
"EAMENA-0192661";"crvn";1;"caravanserail";"-";0;"POLYGON ((58.87853 32.77612, 58.8787 32.77578, 58.8793 32.77607, 58.8791 32.77632, 58.87853 32.77612))"
"EAMENA-0192663";"crvn";1;"caravanserail";"-";0;"POLYGON ((59.77607 33.57458, 59.77631 33.57427, 59.77657 33.57438, 59.77637 33.57469, 59.77607 33.57458))"
"EAMENA-0192639";"crvn";1;"caravanserail";"-";0;"POLYGON ((59.99285 34.75619, 59.99294 34.756, 59.99318 34.75608, 59.99309 34.75627, 59.99285 34.75619))"
"EAMENA-0192640";"crvn";1;"caravanserail";"-";0;"POLYGON ((56.85 31.56928, 56.85025 31.56909, 56.85047 31.56933, 56.8502 31.56952, 56.85 31.56928))"
"EAMENA-0192641";"crvn";1;"caravanserail";"-";0;"POLYGON ((60.55784 34.55986, 60.55826 34.55984, 60.55828 34.56022, 60.55783 34.56024, 60.55784 34.55986))"
"EAMENA-0192642";"crvn";1;"caravanserail";"-";0;"POLYGON ((59.17868 36.02327, 59.1788 36.02322, 59.17891 36.02315, 59.17898 36.02318, 59.17907 36.02326, 59.17917 36.02327, 59.1793 36.02315, 59.17941 36.02319, 59.17961 36.02331, 59.17972 36.02348, 59.1796 36.02353, 59.17933 36.02359, 59.17927 36.02348, 59.1792 36.02354, 59.17916 36.02359, 59.17898 36.02369, 59.17886 36.02368, 59.17872 36.02364, 59.17856 36.02375, 59.17836 36.02361, 59.17852 36.02345, 59.17838 36.02332, 59.17813 36.02311, 59.17805 36.02314, 59.17799 36.02307, 59.17815 36.02286, 59.17868 36.02327))"
"EAMENA-0192646";"crvn";1;"caravanserail";"-";0;"POLYGON ((59.21774 35.4704, 59.21821 35.47003, 59.21846 35.47022, 59.21795 35.47064, 59.21774 35.4704))"
"EAMENA-0192647";"crvn";1;"caravanserail";"-";0;"POLYGON ((59.62285 33.44892, 59.62313 33.44878, 59.62325 33.44898, 59.62301 33.44911, 59.62285 33.44892))"
"EAMENA-0192648";"crvn";1;"caravanserail";"-";0;"POLYGON ((58.98337 35.23077, 58.98352 35.2307, 58.98378 35.23099, 58.98366 35.23107, 58.98337 35.23077))"
"EAMENA-0192649";"crvn";1;"caravanserail";"-";0;"POLYGON ((58.45262 35.47498, 58.45261 35.47486, 58.45278 35.47487, 58.45281 35.47497, 58.45262 35.47498))"
"EAMENA-0192650";"crvn";1;"caravanserail";"-";0;"POLYGON ((60.15434 36.10316, 60.15507 36.10296, 60.15539 36.10377, 60.15468 36.10393, 60.15434 36.10316))"
"EAMENA-0192651";"crvn";1;"caravanserail";"-";0;"POLYGON ((59.75157 36.09838, 59.75105 36.09916, 59.75057 36.09894, 59.75121 36.09813, 59.75157 36.09838))"
"EAMENA-0192632";"crvn";1;"caravanserail";"-";0;"POLYGON ((57.67654 33.00985, 57.67682 33.0096, 57.67702 33.00976, 57.67672 33.01001, 57.67654 33.00985))"
"EAMENA-0192633";"crvn";1;"caravanserail";"-";0;"POLYGON ((58.15527 34.291, 58.15583 34.29073, 58.15609 34.29118, 58.15558 34.29139, 58.15527 34.291))"
"EAMENA-0192634";"crvn";1;"caravanserail";"-";0;"POLYGON ((57.83513 33.74946, 57.83533 33.74919, 57.83559 33.74931, 57.83538 33.7496, 57.83513 33.74946))"
"EAMENA-0192635";"crvn";1;"caravanserail";"-";0;"POLYGON ((57.80397 33.86174, 57.80408 33.86148, 57.80456 33.8616, 57.80446 33.8619, 57.80397 33.86174))"
"EAMENA-0192637";"crvn";1;"caravanserail";"-";0;"POLYGON ((58.38116 36.03816, 58.38216 36.03789, 58.38254 36.03831, 58.38141 36.03861, 58.38116 36.03816))"
"EAMENA-0192638";"crvn";1;"caravanserail";"-";0;"POLYGON ((59.61449 36.06465, 59.61508 36.06423, 59.61534 36.06446, 59.61474 36.06486, 59.61449 36.06465))"
"EAMENA-0192643";"crvn";1;"caravanserail";"-";0;"POLYGON ((57.47531 32.50708, 57.47545 32.50708, 57.47548 32.50716, 57.47557 32.50716, 57.47558 32.50723, 57.47533 32.50727, 57.47531 32.50708))"
"EAMENA-0192644";"crvn";1;"caravanserail";"-";0;"POLYGON ((59.03666 35.1366, 59.03674 35.13657, 59.03676 35.13657, 59.03679 35.13655, 59.03677 35.13654, 59.03684 35.13648, 59.03703 35.13665, 59.03686 35.13678, 59.03666 35.1366))"
"EAMENA-0192645";"crvn";1;"caravanserail";"-";0;"POLYGON ((59.2319 35.45334, 59.23208 35.45317, 59.23212 35.4532, 59.23215 35.45317, 59.23213 35.45312, 59.23218 35.45306, 59.23254 35.45335, 59.23236 35.45352, 59.23228 35.45347, 59.23219 35.45354, 59.2319 35.45334))"
"EAMENA-0192687";"crvn";1;"caravanserail";"-";0;"POLYGON ((59.20558 35.10868, 59.20517 35.10874, 59.20509 35.10835, 59.20556 35.10827, 59.20558 35.10868))"
"EAMENA-0192688";"crvn";1;"caravanserail";"-";0;"POLYGON ((60.20127 32.76402, 60.20083 32.76384, 60.20103 32.76348, 60.2015 32.76363, 60.20127 32.76402))"
"EAMENA-0192689";"crvn";1;"caravanserail";"-";0;"POLYGON ((60.81728 34.81441, 60.81692 34.81395, 60.8174 34.81369, 60.81777 34.81415, 60.81728 34.81441))"
"EAMENA-0192690";"crvn";1;"caravanserail";"-";0;"POLYGON ((59.78856 32.15133, 59.78835 32.15127, 59.78827 32.1511, 59.78843 32.15096, 59.78867 32.151, 59.78872 32.15118, 59.78856 32.15133))"
"EAMENA-0192697";"crvn";1;"caravanserail";"-";0;"POLYGON ((59.35628 35.62879, 59.35676 35.62846, 59.35713 35.62881, 59.35668 35.62913, 59.35628 35.62879))"
"EAMENA-0192698";"crvn";1;"caravanserail";"-";0;"POLYGON ((59.28941 35.54313, 59.28967 35.54304, 59.28979 35.54328, 59.28952 35.54335, 59.28941 35.54313))"
"EAMENA-0194755";"crvn";1;"caravanserail";"-";0;"POLYGON ((56.80654 36.30829, 56.80597 36.30802, 56.80636 36.30748, 56.8069 36.30778, 56.80654 36.30829))"
"EAMENA-0194757";"crvn";1;"caravanserail";"-";0;"POLYGON ((58.39351 36.16624, 58.39403 36.16593, 58.39446 36.16648, 58.39392 36.16676, 58.39351 36.16624))"
"EAMENA-0194758";"crvn";1;"caravanserail";"-";0;"POLYGON ((56.92049 37.15322, 56.92091 37.153, 56.92114 37.15327, 56.92072 37.15349, 56.92049 37.15322))"
"EAMENA-0194759";"crvn";1;"caravanserail";"-";0;"POLYGON ((56.55756 37.32317, 56.55798 37.32314, 56.55795 37.32364, 56.55761 37.32365, 56.55756 37.32317))"
"EAMENA-0194760";"crvn";1;"caravanserail";"-";0;"POLYGON ((56.55599 37.32248, 56.5565 37.32241, 56.55652 37.32297, 56.55602 37.32301, 56.55599 37.32248))"
"EAMENA-0194764";"crvn";1;"caravanserail";"-";0;"POLYGON ((56.56506 36.36279, 56.56506 36.36225, 56.56573 36.36222, 56.56567 36.3628, 56.56506 36.36279))"
"EAMENA-0194767";"crvn";1;"caravanserail";"-";0;"POLYGON ((57.32936 36.20585, 57.32917 36.20541, 57.32974 36.20526, 57.32992 36.20571, 57.32936 36.20585))"
"EAMENA-0194768";"crvn";1;"caravanserail";"-";0;"POLYGON ((58.80145 36.77331, 58.80121 36.77319, 58.80135 36.77303, 58.80158 36.77315, 58.80145 36.77331))"
"EAMENA-0194773";"crvn";1;"caravanserail";"-";0;"POLYGON ((59.71512 36.47439, 59.71555 36.47394, 59.71614 36.47426, 59.71579 36.47467, 59.71512 36.47439))"
"EAMENA-0194774";"crvn";1;"caravanserail";"-";0;"POLYGON ((60.57419 36.05897, 60.57486 36.05851, 60.57543 36.05903, 60.57485 36.05945, 60.57419 36.05897))"
"EAMENA-0194775";"crvn";1;"caravanserail";"-";0;"POLYGON ((58.9383 36.86605, 58.93895 36.86616, 58.93888 36.86668, 58.93818 36.86663, 58.9383 36.86605))"
"EAMENA-0192683";"crvn";1;"caravanserail";"-";0;"POLYGON ((59.26021 35.46227, 59.26055 35.46192, 59.26073 35.46201, 59.26044 35.46235, 59.26021 35.46227))"
"EAMENA-0192684";"crvn";1;"caravanserail";"-";0;"POLYGON ((58.62805 34.87956, 58.62791 34.8795, 58.62799 34.87932, 58.62814 34.87938, 58.62805 34.87956))"
"EAMENA-0192686";"crvn";1;"caravanserail";"-";0;"POLYGON ((59.82269 34.01098, 59.82204 34.01089, 59.82215 34.01035, 59.82282 34.01042, 59.82269 34.01098))"
"EAMENA-0192691";"crvn";1;"caravanserail";"-";0;"POLYGON ((59.78834 32.15857, 59.78802 32.15849, 59.78815 32.15813, 59.78844 32.15825, 59.78834 32.15857))"
"EAMENA-0192692";"crvn";1;"caravanserail";"-";0;"POLYGON ((60.24785 35.00629, 60.24817 35.00618, 60.24827 35.00645, 60.24799 35.00656, 60.24785 35.00629))"
"EAMENA-0192693";"crvn";1;"caravanserail";"-";0;"POLYGON ((59.3021 34.26733, 59.30246 34.2669, 59.30293 34.26719, 59.30261 34.26758, 59.3021 34.26733))"
"EAMENA-0192695";"crvn";1;"caravanserail";"-";0;"POLYGON ((60.21185 32.47689, 60.2112 32.47673, 60.21143 32.47615, 60.21211 32.47632, 60.21185 32.47689))"
"EAMENA-0192696";"crvn";1;"caravanserail";"-";0;"POLYGON ((59.47643 36.0144, 59.47586 36.01404, 59.47653 36.01379, 59.47685 36.01403, 59.47643 36.0144))"
"EAMENA-0194770";"crvn";1;"caravanserail";"-";0;"POLYGON ((57.93669 36.18044, 57.93686 36.18028, 57.93725 36.1806, 57.93709 36.18075, 57.93669 36.18044))"
"EAMENA-0194772";"crvn";1;"caravanserail";"-";0;"POLYGON ((57.6671 36.20805, 57.66697 36.20752, 57.66772 36.20741, 57.66784 36.20794, 57.6671 36.20805))"
"EAMENA-0192223";"crvn";1;"caravanserail";"-";0;"POLYGON ((59.37585 32.86675, 59.37554 32.86666, 59.37565 32.86642, 59.376 32.86652, 59.37585 32.86675))"
"EAMENA-0192598";"crvn";1;"caravanserail";"-";0;"POLYGON ((59.85436 35.71636, 59.85386 35.71595, 59.85442 35.71553, 59.85493 35.71593, 59.85436 35.71636))"
"EAMENA-0192599";"crvn";1;"caravanserail";"-";0;"POLYGON ((59.31358 35.99979, 59.31364 36.00007, 59.31336 36.00012, 59.31325 35.99988, 59.31358 35.99979))"
"EAMENA-0192600";"crvn";1;"caravanserail";"-";0;"POLYGON ((58.22607 34.38158, 58.22633 34.38136, 58.22669 34.38164, 58.22643 34.38187, 58.22607 34.38158))"
"EAMENA-0192601";"crvn";1;"caravanserail";"-";0;"POLYGON ((58.51774 33.85521, 58.51803 33.85504, 58.5183 33.85532, 58.51799 33.85551, 58.51774 33.85521))"
"EAMENA-0192602";"crvn";1;"caravanserail";"-";0;"POLYGON ((59.21729 35.27049, 59.21775 35.27016, 59.21774 35.27017, 59.21773 35.27018, 59.21821 35.27056, 59.21777 35.27088, 59.21729 35.27049))"
"EAMENA-0192603";"crvn";1;"caravanserail";"-";0;"POLYGON ((58.77592 35.01094, 58.77642 35.01064, 58.77681 35.01112, 58.77639 35.01137, 58.77592 35.01094))"
"EAMENA-0192604";"crvn";1;"caravanserail";"-";0;"POLYGON ((59.06127 36.10745, 59.06086 36.10708, 59.06132 36.10679, 59.0618 36.10717, 59.06127 36.10745))"
"EAMENA-0192605";"crvn";1;"caravanserail";"-";0;"POLYGON ((58.44317 34.80608, 58.44277 34.80606, 58.4428 34.80561, 58.4432 34.80562, 58.44317 34.80608))"
"EAMENA-0192606";"crvn";1;"caravanserail";"-";0;"POLYGON ((58.05495 34.74447, 58.05541 34.74423, 58.05576 34.74467, 58.0553 34.74492, 58.05495 34.74447))"
"EAMENA-0192608";"crvn";1;"caravanserail";"-";0;"POLYGON ((57.97801 35.37704, 57.97764 35.37699, 57.97776 35.37652, 57.97805 35.37655, 57.97801 35.37704))"
"EAMENA-0192609";"crvn";1;"caravanserail";"-";0;"POLYGON ((60.62389 35.24, 60.62399 35.23959, 60.62442 35.23967, 60.6243 35.24007, 60.62389 35.24))"
"EAMENA-0192610";"crvn";1;"caravanserail";"-";0;"POLYGON ((56.49659 33.73936, 56.49696 33.73917, 56.4972 33.73951, 56.49682 33.73967, 56.49659 33.73936))"
"EAMENA-0192611";"crvn";1;"caravanserail";"-";0;"POLYGON ((56.97893 33.99151, 56.97915 33.99128, 56.97947 33.9915, 56.97924 33.99172, 56.97893 33.99151))"
"EAMENA-0192613";"crvn";1;"caravanserail";"-";0;"POLYGON ((57.35175 34.30228, 57.35227 34.30204, 57.35256 34.30248, 57.35204 34.30271, 57.35175 34.30228))"
"EAMENA-0192614";"crvn";1;"caravanserail";"-";0;"POLYGON ((59.38633 35.78179, 59.38654 35.78152, 59.3871 35.78173, 59.38692 35.78203, 59.38633 35.78179))"
"EAMENA-0192615";"crvn";1;"caravanserail";"-";0;"POLYGON ((59.50481 36.02768, 59.50513 36.02726, 59.50562 36.02753, 59.5053 36.02795, 59.50481 36.02768))"
"EAMENA-0192616";"crvn";1;"caravanserail";"-";0;"POLYGON ((59.76055 35.99169, 59.76101 35.9913, 59.76157 35.99172, 59.7611 35.99212, 59.76055 35.99169))"
"EAMENA-0192617";"crvn";1;"caravanserail";"-";0;"POLYGON ((56.94591 31.67116, 56.94555 31.67101, 56.94575 31.67069, 56.94611 31.67083, 56.94591 31.67116))"
"EAMENA-0192618";"crvn";1;"caravanserail";"-";0;"POLYGON ((56.94479 31.6702, 56.94522 31.6702, 56.94523 31.67048, 56.9448 31.67049, 56.94479 31.6702))"
"EAMENA-0192619";"crvn";1;"caravanserail";"-";0;"POLYGON ((57.67528 32.96986, 57.67506 32.96965, 57.67536 32.96942, 57.67554 32.96963, 57.67528 32.96986))"
"EAMENA-0192620";"crvn";1;"caravanserail";"-";0;"POLYGON ((58.96346 35.13233, 58.9637 35.13201, 58.96418 35.13231, 58.96391 35.1326, 58.96346 35.13233))"
"EAMENA-0192621";"crvn";1;"caravanserail";"-";0;"POLYGON ((60.718 34.99556, 60.71861 34.99553, 60.71864 34.99608, 60.71802 34.99611, 60.718 34.99556))"
"EAMENA-0192622";"crvn";1;"caravanserail";"-";0;"POLYGON ((58.45757 35.2353, 58.45721 35.2355, 58.45696 35.23507, 58.45732 35.23487, 58.45757 35.2353))"
"EAMENA-0192623";"crvn";1;"caravanserail";"-";0;"POLYGON ((60.23576 35.52871, 60.23535 35.52895, 60.23512 35.5287, 60.23552 35.52846, 60.23576 35.52871))"
"EAMENA-0192624";"crvn";1;"caravanserail";"-";0;"POLYGON ((57.84919 34.51761, 57.84958 34.51733, 57.84994 34.51767, 57.84953 34.51796, 57.84919 34.51761))"
"EAMENA-0192625";"crvn";1;"caravanserail";"-";0;"POLYGON ((56.80393 33.71919, 56.80438 33.71887, 56.80479 33.71929, 56.80434 33.71959, 56.80393 33.71919))"
"EAMENA-0192626";"crvn";1;"caravanserail";"-";0;"POLYGON ((57.51132 33.26822, 57.51163 33.26827, 57.51156 33.26855, 57.51125 33.26848, 57.51132 33.26822))"
"EAMENA-0192627";"crvn";1;"caravanserail";"-";0;"POLYGON ((57.51069 33.28738, 57.51093 33.28763, 57.51064 33.28783, 57.51039 33.28758, 57.51069 33.28738))"
"EAMENA-0192629";"crvn";1;"caravanserail";"-";0;"POLYGON ((60.35123 36.07629, 60.3513 36.07512, 60.35246 36.07519, 60.35242 36.07634, 60.35123 36.07629))"
"EAMENA-0192630";"crvn";1;"caravanserail";"-";0;"POLYGON ((57.14018 31.94011, 57.14034 31.93983, 57.14067 31.93999, 57.14048 31.94026, 57.14018 31.94011))"
"EAMENA-0194777";"crvn";1;"caravanserail";"-";0;"POLYGON ((59.79093 36.27255, 59.79186 36.27269, 59.79155 36.27342, 59.79081 36.27324, 59.79093 36.27255))"
"EAMENA-0194778";"crvn";1;"caravanserail";"-";0;"POLYGON ((56.56524 36.36363, 56.56511 36.3632, 56.56573 36.36308, 56.56583 36.36355, 56.56524 36.36363))"
"EAMENA-0194693";"crvn";1;"caravanserail";"-";0;"POLYGON ((58.08578 36.16567, 58.08626 36.16532, 58.08678 36.16574, 58.08626 36.16616, 58.08578 36.16567))"
"EAMENA-0194694";"crvn";1;"caravanserail";"-";0;"POLYGON ((57.68529 36.20685, 57.68509 36.20642, 57.68565 36.20627, 57.68582 36.20668, 57.68529 36.20685))"
"EAMENA-0194695";"crvn";1;"caravanserail";"-";0;"POLYGON ((58.80102 36.1972, 58.8015 36.1968, 58.80203 36.19722, 58.80155 36.19761, 58.80102 36.1972))"
"EAMENA-0194697";"crvn";1;"caravanserail";"-";0;"POLYGON ((57.14297 36.28455, 57.14349 36.28412, 57.14411 36.28457, 57.1436 36.285, 57.14297 36.28455))"
"EAMENA-0194703";"crvn";1;"caravanserail";"-";0;"POLYGON ((60.06635 36.50594, 60.06643 36.50573, 60.06675 36.50582, 60.06662 36.50605, 60.06635 36.50594))"
"EAMENA-0194704";"crvn";1;"caravanserail";"-";0;"POLYGON ((59.6191 36.27164, 59.61967 36.2714, 59.62012 36.27192, 59.61949 36.27222, 59.6191 36.27164))"
"EAMENA-0194706";"crvn";1;"caravanserail";"-";0;"POLYGON ((59.39571 36.3991, 59.39537 36.39886, 59.39557 36.39868, 59.39591 36.39896, 59.39571 36.3991))"
"EAMENA-0194707";"crvn";1;"caravanserail";"-";0;"POLYGON ((58.70895 36.92783, 58.70882 36.92774, 58.70892 36.92761, 58.70915 36.92771, 58.70895 36.92783))"
"EAMENA-0194717";"crvn";1;"caravanserail";"-";0;"POLYGON ((59.50593 36.02829, 59.50565 36.02815, 59.50583 36.02792, 59.50617 36.02807, 59.50593 36.02829))"
"EAMENA-0192700";"crvn";1;"caravanserail";"-";0;"POLYGON ((60.65528 36.26699, 60.65465 36.26668, 60.65523 36.2659, 60.65583 36.26617, 60.65528 36.26699))"
"EAMENA-0207220";"crvn";1;"caravanserail";"-";0;"POLYGON ((56.27514 33.49132, 56.27561 33.49105, 56.27596 33.49149, 56.27549 33.49176, 56.27514 33.49132))"
"EAMENA-0207256";"crvn";1;"caravanserail";"-";0;"POLYGON ((56.31544 37.35034, 56.31603 37.35038, 56.31597 37.35087, 56.31539 37.35086, 56.31544 37.35034))"
